#{"t_start": 1743768275.9578955, "env_id": "SuperMarioBros-v2"}
r,l,t
2565.0,318,5.78633
2501.0,321,11.003451
2467.0,274,15.638746
2253.0,329,21.579101
